parameter,stationname,date,hour,mass_conc,mass_conc_movel,time,dayofweek
MP2.5,Congonhas,2010-12-03,1,45,-,2010-12-03T00:00:00Z,Fri
MP2.5,Congonhas,2010-12-03,2,55,-,2010-12-03T01:00:00Z,Fri
MP2.5,Congonhas,2010-12-03,3,28,-,2010-12-03T02:00:00Z,Fri
MP2.5,Congonhas,2010-12-03,4,20,-,2010-12-03T03:00:00Z,Fri
MP2.5,Congonhas,2010-12-03,5,21,-,2010-12-03T04:00:00Z,Fri
MP2.5,Congonhas,2010-12-03,6,12,-,2010-12-03T05:00:00Z,Fri
MP2.5,Congonhas,2010-12-03,7,20,-,2010-12-03T06:00:00Z,Fri
MP2.5,Congonhas,2010-12-03,8,25,-,2010-12-03T07:00:00Z,Fri
MP2.5,Congonhas,2010-12-03,9,25,-,2010-12-03T08:00:00Z,Fri
MP2.5,Congonhas,2010-12-03,10,45,-,2010-12-03T09:00:00Z,Fri
MP2.5,Congonhas,2010-12-03,11,39,-,2010-12-03T10:00:00Z,Fri
MP2.5,Congonhas,2010-12-03,12,11,-,2010-12-03T11:00:00Z,Fri
MP2.5,Congonhas,2010-12-03,13,15,-,2010-12-03T12:00:00Z,Fri
MP2.5,Congonhas,2010-12-03,14,15,-,2010-12-03T13:00:00Z,Fri
MP2.5,Congonhas,2010-12-03,15,11,-,2010-12-03T14:00:00Z,Fri
MP2.5,Congonhas,2010-12-03,16,16,-,2010-12-03T15:00:00Z,Fri
MP2.5,Congonhas,2010-12-03,17,19,-,2010-12-03T16:00:00Z,Fri
MP2.5,Congonhas,2010-12-03,18,23,-,2010-12-03T17:00:00Z,Fri
MP2.5,Congonhas,2010-12-03,19,17,-,2010-12-03T18:00:00Z,Fri
MP2.5,Congonhas,2010-12-03,20,13,-,2010-12-03T19:00:00Z,Fri
MP2.5,Congonhas,2010-12-03,21,6,-,2010-12-03T20:00:00Z,Fri
MP2.5,Congonhas,2010-12-03,22,16,-,2010-12-03T21:00:00Z,Fri
MP2.5,Congonhas,2010-12-03,23,25,-,2010-12-03T22:00:00Z,Fri
MP2.5,Congonhas,2010-12-03,24,24,-,2010-12-03T23:00:00Z,Fri
MP2.5,Congonhas,2010-12-04,1,32,-,2010-12-04T00:00:00Z,Sat
MP2.5,Congonhas,2010-12-04,2,33,-,2010-12-04T01:00:00Z,Sat
MP2.5,Congonhas,2010-12-04,3,26,-,2010-12-04T02:00:00Z,Sat
MP2.5,Congonhas,2010-12-04,4,21,-,2010-12-04T03:00:00Z,Sat
MP2.5,Congonhas,2010-12-04,5,18,-,2010-12-04T04:00:00Z,Sat
MP2.5,Congonhas,2010-12-04,6,24,-,2010-12-04T05:00:00Z,Sat
MP2.5,Congonhas,2010-12-04,7,31,-,2010-12-04T06:00:00Z,Sat
MP2.5,Congonhas,2010-12-04,8,26,-,2010-12-04T07:00:00Z,Sat
MP2.5,Congonhas,2010-12-04,9,32,-,2010-12-04T08:00:00Z,Sat
MP2.5,Congonhas,2010-12-04,10,31,-,2010-12-04T09:00:00Z,Sat
MP2.5,Congonhas,2010-12-04,11,29,-,2010-12-04T10:00:00Z,Sat
MP2.5,Congonhas,2010-12-04,12,20,-,2010-12-04T11:00:00Z,Sat
MP2.5,Congonhas,2010-12-04,13,22,-,2010-12-04T12:00:00Z,Sat
MP2.5,Congonhas,2010-12-04,14,33,-,2010-12-04T13:00:00Z,Sat
MP2.5,Congonhas,2010-12-04,15,38,-,2010-12-04T14:00:00Z,Sat
MP2.5,Congonhas,2010-12-04,16,34,-,2010-12-04T15:00:00Z,Sat
MP2.5,Congonhas,2010-12-04,17,38,-,2010-12-04T16:00:00Z,Sat
MP2.5,Congonhas,2010-12-04,18,27,-,2010-12-04T17:00:00Z,Sat
MP2.5,Congonhas,2010-12-04,19,23,-,2010-12-04T18:00:00Z,Sat
MP2.5,Congonhas,2010-12-04,20,18,-,2010-12-04T19:00:00Z,Sat
MP2.5,Congonhas,2010-12-04,21,10,-,2010-12-04T20:00:00Z,Sat
MP2.5,Congonhas,2010-12-04,22,13,-,2010-12-04T21:00:00Z,Sat
MP2.5,Congonhas,2010-12-04,23,7,-,2010-12-04T22:00:00Z,Sat
MP2.5,Congonhas,2010-12-04,24,12,-,2010-12-04T23:00:00Z,Sat
MP2.5,Congonhas,2010-12-05,1,10,-,2010-12-05T00:00:00Z,Sun
MP2.5,Congonhas,2010-12-05,2,15,-,2010-12-05T01:00:00Z,Sun
MP2.5,Congonhas,2010-12-05,3,17,-,2010-12-05T02:00:00Z,Sun
MP2.5,Congonhas,2010-12-05,4,13,-,2010-12-05T03:00:00Z,Sun
MP2.5,Congonhas,2010-12-05,5,11,-,2010-12-05T04:00:00Z,Sun
MP2.5,Congonhas,2010-12-05,6,11,-,2010-12-05T05:00:00Z,Sun
MP2.5,Congonhas,2010-12-05,7,8,-,2010-12-05T06:00:00Z,Sun
MP2.5,Congonhas,2010-12-05,8,11,-,2010-12-05T07:00:00Z,Sun
MP2.5,Congonhas,2010-12-05,9,12,-,2010-12-05T08:00:00Z,Sun
MP2.5,Congonhas,2010-12-05,10,6,-,2010-12-05T09:00:00Z,Sun
MP2.5,Congonhas,2010-12-05,11,9,-,2010-12-05T10:00:00Z,Sun
MP2.5,Congonhas,2010-12-05,12,13,-,2010-12-05T11:00:00Z,Sun
MP2.5,Congonhas,2010-12-05,13,18,-,2010-12-05T12:00:00Z,Sun
MP2.5,Congonhas,2010-12-05,14,19,-,2010-12-05T13:00:00Z,Sun
MP2.5,Congonhas,2010-12-05,15,24,-,2010-12-05T14:00:00Z,Sun
MP2.5,Congonhas,2010-12-05,16,27,-,2010-12-05T15:00:00Z,Sun
MP2.5,Congonhas,2010-12-05,17,7,-,2010-12-05T16:00:00Z,Sun
MP2.5,Congonhas,2010-12-05,18,7,-,2010-12-05T17:00:00Z,Sun
MP2.5,Congonhas,2010-12-05,19,6,-,2010-12-05T18:00:00Z,Sun
MP2.5,Congonhas,2010-12-05,20,8,-,2010-12-05T19:00:00Z,Sun
MP2.5,Congonhas,2010-12-05,21,7,-,2010-12-05T20:00:00Z,Sun
MP2.5,Congonhas,2010-12-05,22,6,-,2010-12-05T21:00:00Z,Sun
MP2.5,Congonhas,2010-12-05,23,6,-,2010-12-05T22:00:00Z,Sun
MP2.5,Congonhas,2010-12-05,24,9,-,2010-12-05T23:00:00Z,Sun
MP2.5,Congonhas,2010-12-06,1,5,-,2010-12-06T00:00:00Z,Mon
MP2.5,Congonhas,2010-12-06,2,19,-,2010-12-06T01:00:00Z,Mon
MP2.5,Congonhas,2010-12-06,3,12,-,2010-12-06T02:00:00Z,Mon
MP2.5,Congonhas,2010-12-06,4,15,-,2010-12-06T03:00:00Z,Mon
MP2.5,Congonhas,2010-12-06,5,20,-,2010-12-06T04:00:00Z,Mon
MP2.5,Congonhas,2010-12-06,6,23,-,2010-12-06T05:00:00Z,Mon
MP2.5,Congonhas,2010-12-06,7,14,-,2010-12-06T06:00:00Z,Mon
MP2.5,Congonhas,2010-12-06,8,19,-,2010-12-06T07:00:00Z,Mon
MP2.5,Congonhas,2010-12-06,9,22,-,2010-12-06T08:00:00Z,Mon
MP2.5,Congonhas,2010-12-06,10,7,-,2010-12-06T09:00:00Z,Mon
MP2.5,Congonhas,2010-12-06,11,16,-,2010-12-06T10:00:00Z,Mon
MP2.5,Congonhas,2010-12-06,12,11,-,2010-12-06T11:00:00Z,Mon
MP2.5,Congonhas,2010-12-06,13,15,-,2010-12-06T12:00:00Z,Mon
MP2.5,Congonhas,2010-12-06,14,12,-,2010-12-06T13:00:00Z,Mon
MP2.5,Congonhas,2010-12-06,15,14,-,2010-12-06T14:00:00Z,Mon
MP2.5,Congonhas,2010-12-06,16,15,-,2010-12-06T15:00:00Z,Mon
MP2.5,Congonhas,2010-12-06,17,8,-,2010-12-06T16:00:00Z,Mon
MP2.5,Congonhas,2010-12-06,18,9,-,2010-12-06T17:00:00Z,Mon
MP2.5,Congonhas,2010-12-06,19,13,-,2010-12-06T18:00:00Z,Mon
MP2.5,Congonhas,2010-12-06,20,12,-,2010-12-06T19:00:00Z,Mon
MP2.5,Congonhas,2010-12-06,21,3,-,2010-12-06T20:00:00Z,Mon
MP2.5,Congonhas,2010-12-06,22,6,-,2010-12-06T21:00:00Z,Mon
MP2.5,Congonhas,2010-12-06,23,19,-,2010-12-06T22:00:00Z,Mon
MP2.5,Congonhas,2010-12-06,24,18,-,2010-12-06T23:00:00Z,Mon
MP2.5,Congonhas,2010-12-07,1,11,-,2010-12-07T00:00:00Z,Tue
MP2.5,Congonhas,2010-12-07,2,22,-,2010-12-07T01:00:00Z,Tue
MP2.5,Congonhas,2010-12-07,3,10,-,2010-12-07T02:00:00Z,Tue
MP2.5,Congonhas,2010-12-07,4,9,-,2010-12-07T03:00:00Z,Tue
MP2.5,Congonhas,2010-12-07,5,27,-,2010-12-07T04:00:00Z,Tue
MP2.5,Congonhas,2010-12-07,6,35,-,2010-12-07T05:00:00Z,Tue
MP2.5,Congonhas,2010-12-07,7,23,-,2010-12-07T06:00:00Z,Tue
MP2.5,Congonhas,2010-12-07,8,17,-,2010-12-07T07:00:00Z,Tue
MP2.5,Congonhas,2010-12-07,9,16,-,2010-12-07T08:00:00Z,Tue
MP2.5,Congonhas,2010-12-07,10,8,-,2010-12-07T09:00:00Z,Tue
MP2.5,Congonhas,2010-12-07,11,0,-,2010-12-07T10:00:00Z,Tue
MP2.5,Congonhas,2010-12-07,12,0,-,2010-12-07T11:00:00Z,Tue
MP2.5,Congonhas,2010-12-07,13,37,-,2010-12-07T12:00:00Z,Tue
MP2.5,Congonhas,2010-12-07,14,43,-,2010-12-07T13:00:00Z,Tue
MP2.5,Congonhas,2010-12-07,15,56,-,2010-12-07T14:00:00Z,Tue
MP2.5,Congonhas,2010-12-07,16,35,-,2010-12-07T15:00:00Z,Tue
MP2.5,Congonhas,2010-12-07,17,19,-,2010-12-07T16:00:00Z,Tue
MP2.5,Congonhas,2010-12-07,18,17,-,2010-12-07T17:00:00Z,Tue
MP2.5,Congonhas,2010-12-07,19,19,-,2010-12-07T18:00:00Z,Tue
MP2.5,Congonhas,2010-12-07,20,15,-,2010-12-07T19:00:00Z,Tue
MP2.5,Congonhas,2010-12-07,21,17,-,2010-12-07T20:00:00Z,Tue
MP2.5,Congonhas,2010-12-07,22,15,-,2010-12-07T21:00:00Z,Tue
MP2.5,Congonhas,2010-12-07,23,15,-,2010-12-07T22:00:00Z,Tue
MP2.5,Congonhas,2010-12-07,24,18,-,2010-12-07T23:00:00Z,Tue
MP2.5,Congonhas,2010-12-08,1,14,-,2010-12-08T00:00:00Z,Wed
MP2.5,Congonhas,2010-12-08,2,16,-,2010-12-08T01:00:00Z,Wed
MP2.5,Congonhas,2010-12-08,3,9,-,2010-12-08T02:00:00Z,Wed
MP2.5,Congonhas,2010-12-08,4,19,-,2010-12-08T03:00:00Z,Wed
MP2.5,Congonhas,2010-12-08,5,19,-,2010-12-08T04:00:00Z,Wed
MP2.5,Congonhas,2010-12-08,6,26,-,2010-12-08T05:00:00Z,Wed
MP2.5,Congonhas,2010-12-08,7,15,-,2010-12-08T06:00:00Z,Wed
MP2.5,Congonhas,2010-12-08,8,32,-,2010-12-08T07:00:00Z,Wed
MP2.5,Congonhas,2010-12-08,9,21,-,2010-12-08T08:00:00Z,Wed
MP2.5,Congonhas,2010-12-08,10,26,-,2010-12-08T09:00:00Z,Wed
MP2.5,Congonhas,2010-12-08,11,27,-,2010-12-08T10:00:00Z,Wed
MP2.5,Congonhas,2010-12-08,12,27,-,2010-12-08T11:00:00Z,Wed
MP2.5,Congonhas,2010-12-08,13,31,-,2010-12-08T12:00:00Z,Wed
MP2.5,Congonhas,2010-12-08,14,21,-,2010-12-08T13:00:00Z,Wed
MP2.5,Congonhas,2010-12-08,15,24,-,2010-12-08T14:00:00Z,Wed
MP2.5,Congonhas,2010-12-08,16,8,-,2010-12-08T15:00:00Z,Wed
MP2.5,Congonhas,2010-12-08,17,17,-,2010-12-08T16:00:00Z,Wed
MP2.5,Congonhas,2010-12-08,18,12,-,2010-12-08T17:00:00Z,Wed
MP2.5,Congonhas,2010-12-08,19,9,-,2010-12-08T18:00:00Z,Wed
MP2.5,Congonhas,2010-12-08,20,8,-,2010-12-08T19:00:00Z,Wed
MP2.5,Congonhas,2010-12-08,21,0,-,2010-12-08T20:00:00Z,Wed
MP2.5,Congonhas,2010-12-08,22,10,-,2010-12-08T21:00:00Z,Wed
MP2.5,Congonhas,2010-12-08,23,23,-,2010-12-08T22:00:00Z,Wed
MP2.5,Congonhas,2010-12-08,24,20,-,2010-12-08T23:00:00Z,Wed
MP2.5,Congonhas,2010-12-09,1,28,-,2010-12-09T00:00:00Z,Thu
MP2.5,Congonhas,2010-12-09,2,23,-,2010-12-09T01:00:00Z,Thu
MP2.5,Congonhas,2010-12-09,3,28,-,2010-12-09T02:00:00Z,Thu
MP2.5,Congonhas,2010-12-09,4,23,-,2010-12-09T03:00:00Z,Thu
MP2.5,Congonhas,2010-12-09,5,38,-,2010-12-09T04:00:00Z,Thu
MP2.5,Congonhas,2010-12-09,6,30,-,2010-12-09T05:00:00Z,Thu
MP2.5,Congonhas,2010-12-09,7,13,-,2010-12-09T06:00:00Z,Thu
MP2.5,Congonhas,2010-12-09,8,19,-,2010-12-09T07:00:00Z,Thu
MP2.5,Congonhas,2010-12-09,9,13,-,2010-12-09T08:00:00Z,Thu
MP2.5,Congonhas,2010-12-09,10,7,-,2010-12-09T09:00:00Z,Thu
MP2.5,Congonhas,2010-12-09,11,15,-,2010-12-09T10:00:00Z,Thu
MP2.5,Congonhas,2010-12-09,12,9,-,2010-12-09T11:00:00Z,Thu
MP2.5,Congonhas,2010-12-09,13,9,-,2010-12-09T12:00:00Z,Thu
MP2.5,Congonhas,2010-12-09,14,10,-,2010-12-09T13:00:00Z,Thu
MP2.5,Congonhas,2010-12-09,15,19,-,2010-12-09T14:00:00Z,Thu
MP2.5,Congonhas,2010-12-09,16,64,-,2010-12-09T15:00:00Z,Thu
MP2.5,Congonhas,2010-12-09,17,37,-,2010-12-09T16:00:00Z,Thu
MP2.5,Congonhas,2010-12-09,18,23,-,2010-12-09T17:00:00Z,Thu
MP2.5,Congonhas,2010-12-09,19,21,-,2010-12-09T18:00:00Z,Thu
MP2.5,Congonhas,2010-12-09,20,17,-,2010-12-09T19:00:00Z,Thu
MP2.5,Congonhas,2010-12-09,21,10,-,2010-12-09T20:00:00Z,Thu
MP2.5,Congonhas,2010-12-09,22,18,-,2010-12-09T21:00:00Z,Thu
MP2.5,Congonhas,2010-12-09,23,23,-,2010-12-09T22:00:00Z,Thu
MP2.5,Congonhas,2010-12-09,24,23,-,2010-12-09T23:00:00Z,Thu
MP2.5,Congonhas,2010-12-10,1,31,-,2010-12-10T00:00:00Z,Fri
MP2.5,Congonhas,2010-12-10,2,19,-,2010-12-10T01:00:00Z,Fri
MP2.5,Congonhas,2010-12-10,3,9,-,2010-12-10T02:00:00Z,Fri
MP2.5,Congonhas,2010-12-10,4,7,-,2010-12-10T03:00:00Z,Fri
MP2.5,Congonhas,2010-12-10,5,22,-,2010-12-10T04:00:00Z,Fri
MP2.5,Congonhas,2010-12-10,6,24,-,2010-12-10T05:00:00Z,Fri
MP2.5,Congonhas,2010-12-10,7,25,-,2010-12-10T06:00:00Z,Fri
MP2.5,Congonhas,2010-12-10,8,34,-,2010-12-10T07:00:00Z,Fri
MP2.5,Congonhas,2010-12-10,9,31,-,2010-12-10T08:00:00Z,Fri
MP2.5,Congonhas,2010-12-10,10,17,-,2010-12-10T09:00:00Z,Fri
MP2.5,Congonhas,2010-12-10,11,28,-,2010-12-10T10:00:00Z,Fri
MP2.5,Congonhas,2010-12-10,12,26,-,2010-12-10T11:00:00Z,Fri
MP2.5,Congonhas,2010-12-10,13,28,-,2010-12-10T12:00:00Z,Fri
MP2.5,Congonhas,2010-12-10,14,28,-,2010-12-10T13:00:00Z,Fri
MP2.5,Congonhas,2010-12-10,15,40,-,2010-12-10T14:00:00Z,Fri
MP2.5,Congonhas,2010-12-10,16,31,-,2010-12-10T15:00:00Z,Fri
MP2.5,Congonhas,2010-12-10,17,34,-,2010-12-10T16:00:00Z,Fri
MP2.5,Congonhas,2010-12-10,18,39,-,2010-12-10T17:00:00Z,Fri
MP2.5,Congonhas,2010-12-10,19,32,-,2010-12-10T18:00:00Z,Fri
MP2.5,Congonhas,2010-12-10,20,33,-,2010-12-10T19:00:00Z,Fri
MP2.5,Congonhas,2010-12-10,21,28,-,2010-12-10T20:00:00Z,Fri
MP2.5,Congonhas,2010-12-10,22,21,-,2010-12-10T21:00:00Z,Fri
MP2.5,Congonhas,2010-12-10,23,34,-,2010-12-10T22:00:00Z,Fri
MP2.5,Congonhas,2010-12-10,24,35,-,2010-12-10T23:00:00Z,Fri
MP2.5,Congonhas,2010-12-11,1,26,-,2010-12-11T00:00:00Z,Sat
MP2.5,Congonhas,2010-12-11,2,17,-,2010-12-11T01:00:00Z,Sat
MP2.5,Congonhas,2010-12-11,3,15,-,2010-12-11T02:00:00Z,Sat
MP2.5,Congonhas,2010-12-11,4,11,-,2010-12-11T03:00:00Z,Sat
MP2.5,Congonhas,2010-12-11,5,14,-,2010-12-11T04:00:00Z,Sat
MP2.5,Congonhas,2010-12-11,6,14,-,2010-12-11T05:00:00Z,Sat
MP2.5,Congonhas,2010-12-11,7,14,-,2010-12-11T06:00:00Z,Sat
MP2.5,Congonhas,2010-12-11,8,13,-,2010-12-11T07:00:00Z,Sat
MP2.5,Congonhas,2010-12-11,9,25,-,2010-12-11T08:00:00Z,Sat
MP2.5,Congonhas,2010-12-11,10,14,-,2010-12-11T09:00:00Z,Sat
MP2.5,Congonhas,2010-12-11,11,16,-,2010-12-11T10:00:00Z,Sat
MP2.5,Congonhas,2010-12-11,12,21,-,2010-12-11T11:00:00Z,Sat
MP2.5,Congonhas,2010-12-11,13,18,-,2010-12-11T12:00:00Z,Sat
MP2.5,Congonhas,2010-12-11,14,25,-,2010-12-11T13:00:00Z,Sat
MP2.5,Congonhas,2010-12-11,15,16,-,2010-12-11T14:00:00Z,Sat
MP2.5,Congonhas,2010-12-11,16,43,-,2010-12-11T15:00:00Z,Sat
MP2.5,Congonhas,2010-12-11,17,38,-,2010-12-11T16:00:00Z,Sat
MP2.5,Congonhas,2010-12-11,18,35,-,2010-12-11T17:00:00Z,Sat
MP2.5,Congonhas,2010-12-11,19,32,-,2010-12-11T18:00:00Z,Sat
MP2.5,Congonhas,2010-12-11,20,48,-,2010-12-11T19:00:00Z,Sat
MP2.5,Congonhas,2010-12-11,21,50,-,2010-12-11T20:00:00Z,Sat
MP2.5,Congonhas,2010-12-11,22,35,-,2010-12-11T21:00:00Z,Sat
MP2.5,Congonhas,2010-12-11,23,25,-,2010-12-11T22:00:00Z,Sat
MP2.5,Congonhas,2010-12-11,24,28,-,2010-12-11T23:00:00Z,Sat
MP2.5,Congonhas,2010-12-12,1,34,-,2010-12-12T00:00:00Z,Sun
MP2.5,Congonhas,2010-12-12,2,24,-,2010-12-12T01:00:00Z,Sun
MP2.5,Congonhas,2010-12-12,3,33,-,2010-12-12T02:00:00Z,Sun
MP2.5,Congonhas,2010-12-12,4,29,-,2010-12-12T03:00:00Z,Sun
MP2.5,Congonhas,2010-12-12,5,29,-,2010-12-12T04:00:00Z,Sun
MP2.5,Congonhas,2010-12-12,6,27,-,2010-12-12T05:00:00Z,Sun
MP2.5,Congonhas,2010-12-12,7,27,-,2010-12-12T06:00:00Z,Sun
MP2.5,Congonhas,2010-12-12,8,27,-,2010-12-12T07:00:00Z,Sun
MP2.5,Congonhas,2010-12-12,9,18,-,2010-12-12T08:00:00Z,Sun
MP2.5,Congonhas,2010-12-12,10,9,-,2010-12-12T09:00:00Z,Sun
MP2.5,Congonhas,2010-12-12,11,6,-,2010-12-12T10:00:00Z,Sun
MP2.5,Congonhas,2010-12-12,12,9,-,2010-12-12T11:00:00Z,Sun
MP2.5,Congonhas,2010-12-12,13,12,-,2010-12-12T12:00:00Z,Sun
MP2.5,Congonhas,2010-12-12,14,18,-,2010-12-12T13:00:00Z,Sun
MP2.5,Congonhas,2010-12-12,15,23,-,2010-12-12T14:00:00Z,Sun
MP2.5,Congonhas,2010-12-12,16,25,-,2010-12-12T15:00:00Z,Sun
MP2.5,Congonhas,2010-12-12,17,22,-,2010-12-12T16:00:00Z,Sun
MP2.5,Congonhas,2010-12-12,18,23,-,2010-12-12T17:00:00Z,Sun
MP2.5,Congonhas,2010-12-12,19,13,-,2010-12-12T18:00:00Z,Sun
MP2.5,Congonhas,2010-12-12,20,1,-,2010-12-12T19:00:00Z,Sun
MP2.5,Congonhas,2010-12-12,21,0,-,2010-12-12T20:00:00Z,Sun
MP2.5,Congonhas,2010-12-12,22,4,-,2010-12-12T21:00:00Z,Sun
MP2.5,Congonhas,2010-12-12,23,3,-,2010-12-12T22:00:00Z,Sun
MP2.5,Congonhas,2010-12-12,24,20,-,2010-12-12T23:00:00Z,Sun
MP2.5,Congonhas,2010-12-13,1,25,-,2010-12-13T00:00:00Z,Mon
MP2.5,Congonhas,2010-12-13,2,9,-,2010-12-13T01:00:00Z,Mon
MP2.5,Congonhas,2010-12-13,3,4,-,2010-12-13T02:00:00Z,Mon
MP2.5,Congonhas,2010-12-13,4,4,-,2010-12-13T03:00:00Z,Mon
MP2.5,Congonhas,2010-12-13,5,11,-,2010-12-13T04:00:00Z,Mon
MP2.5,Congonhas,2010-12-13,6,3,-,2010-12-13T05:00:00Z,Mon
MP2.5,Congonhas,2010-12-13,7,4,-,2010-12-13T06:00:00Z,Mon
MP2.5,Congonhas,2010-12-13,8,4,-,2010-12-13T07:00:00Z,Mon
MP2.5,Congonhas,2010-12-13,9,9,-,2010-12-13T08:00:00Z,Mon
MP2.5,Congonhas,2010-12-13,10,7,-,2010-12-13T09:00:00Z,Mon
MP2.5,Congonhas,2010-12-13,11,5,-,2010-12-13T10:00:00Z,Mon
MP2.5,Congonhas,2010-12-13,12,9,-,2010-12-13T11:00:00Z,Mon
MP2.5,Congonhas,2010-12-13,13,14,-,2010-12-13T12:00:00Z,Mon
MP2.5,Congonhas,2010-12-13,14,13,-,2010-12-13T13:00:00Z,Mon
MP2.5,Congonhas,2010-12-13,15,13,-,2010-12-13T14:00:00Z,Mon
MP2.5,Congonhas,2010-12-13,16,27,-,2010-12-13T15:00:00Z,Mon
MP2.5,Congonhas,2010-12-13,17,28,-,2010-12-13T16:00:00Z,Mon
MP2.5,Congonhas,2010-12-13,18,13,-,2010-12-13T17:00:00Z,Mon
MP2.5,Congonhas,2010-12-13,19,4,-,2010-12-13T18:00:00Z,Mon
MP2.5,Congonhas,2010-12-13,20,11,-,2010-12-13T19:00:00Z,Mon
MP2.5,Congonhas,2010-12-13,21,9,-,2010-12-13T20:00:00Z,Mon
MP2.5,Congonhas,2010-12-13,22,9,-,2010-12-13T21:00:00Z,Mon
MP2.5,Congonhas,2010-12-13,23,25,-,2010-12-13T22:00:00Z,Mon
MP2.5,Congonhas,2010-12-13,24,13,-,2010-12-13T23:00:00Z,Mon
MP2.5,Congonhas,2010-12-14,1,21,-,2010-12-14T00:00:00Z,Tue
MP2.5,Congonhas,2010-12-14,2,23,-,2010-12-14T01:00:00Z,Tue
MP2.5,Congonhas,2010-12-14,5,8,-,2010-12-14T04:00:00Z,Tue
MP2.5,Congonhas,2010-12-14,6,13,-,2010-12-14T05:00:00Z,Tue
MP2.5,Congonhas,2010-12-14,7,9,-,2010-12-14T06:00:00Z,Tue
MP2.5,Congonhas,2010-12-14,8,16,-,2010-12-14T07:00:00Z,Tue
MP2.5,Congonhas,2010-12-14,9,11,-,2010-12-14T08:00:00Z,Tue
MP2.5,Congonhas,2010-12-14,10,13,-,2010-12-14T09:00:00Z,Tue
MP2.5,Congonhas,2010-12-14,11,11,-,2010-12-14T10:00:00Z,Tue
MP2.5,Congonhas,2010-12-14,12,16,-,2010-12-14T11:00:00Z,Tue
MP2.5,Congonhas,2010-12-14,13,14,-,2010-12-14T12:00:00Z,Tue
MP2.5,Congonhas,2010-12-14,14,12,-,2010-12-14T13:00:00Z,Tue
MP2.5,Congonhas,2010-12-14,15,11,-,2010-12-14T14:00:00Z,Tue
MP2.5,Congonhas,2010-12-14,16,11,-,2010-12-14T15:00:00Z,Tue
MP2.5,Congonhas,2010-12-14,17,8,-,2010-12-14T16:00:00Z,Tue
MP2.5,Congonhas,2010-12-14,18,10,-,2010-12-14T17:00:00Z,Tue
MP2.5,Congonhas,2010-12-14,19,13,-,2010-12-14T18:00:00Z,Tue
MP2.5,Congonhas,2010-12-14,20,14,-,2010-12-14T19:00:00Z,Tue
MP2.5,Congonhas,2010-12-14,21,8,-,2010-12-14T20:00:00Z,Tue
MP2.5,Congonhas,2010-12-14,22,13,-,2010-12-14T21:00:00Z,Tue
MP2.5,Congonhas,2010-12-14,23,21,-,2010-12-14T22:00:00Z,Tue
MP2.5,Congonhas,2010-12-14,24,22,-,2010-12-14T23:00:00Z,Tue
MP2.5,Congonhas,2010-12-15,1,19,-,2010-12-15T00:00:00Z,Wed
MP2.5,Congonhas,2010-12-15,2,19,-,2010-12-15T01:00:00Z,Wed
MP2.5,Congonhas,2010-12-15,3,17,-,2010-12-15T02:00:00Z,Wed
MP2.5,Congonhas,2010-12-15,4,15,-,2010-12-15T03:00:00Z,Wed
MP2.5,Congonhas,2010-12-15,5,20,-,2010-12-15T04:00:00Z,Wed
MP2.5,Congonhas,2010-12-15,6,30,-,2010-12-15T05:00:00Z,Wed
MP2.5,Congonhas,2010-12-15,7,18,-,2010-12-15T06:00:00Z,Wed
MP2.5,Congonhas,2010-12-15,8,26,-,2010-12-15T07:00:00Z,Wed
MP2.5,Congonhas,2010-12-15,9,21,-,2010-12-15T08:00:00Z,Wed
MP2.5,Congonhas,2010-12-15,10,13,-,2010-12-15T09:00:00Z,Wed
MP2.5,Congonhas,2010-12-15,11,19,-,2010-12-15T10:00:00Z,Wed
MP2.5,Congonhas,2010-12-15,12,18,-,2010-12-15T11:00:00Z,Wed
MP2.5,Congonhas,2010-12-15,13,18,-,2010-12-15T12:00:00Z,Wed
MP2.5,Congonhas,2010-12-15,14,12,-,2010-12-15T13:00:00Z,Wed
MP2.5,Congonhas,2010-12-15,15,14,-,2010-12-15T14:00:00Z,Wed
MP2.5,Congonhas,2010-12-15,16,19,-,2010-12-15T15:00:00Z,Wed
MP2.5,Congonhas,2010-12-15,17,17,-,2010-12-15T16:00:00Z,Wed
MP2.5,Congonhas,2010-12-15,18,14,-,2010-12-15T17:00:00Z,Wed
MP2.5,Congonhas,2010-12-15,19,17,-,2010-12-15T18:00:00Z,Wed
MP2.5,Congonhas,2010-12-15,20,13,-,2010-12-15T19:00:00Z,Wed
MP2.5,Congonhas,2010-12-15,21,8,-,2010-12-15T20:00:00Z,Wed
MP2.5,Congonhas,2010-12-15,22,13,-,2010-12-15T21:00:00Z,Wed
MP2.5,Congonhas,2010-12-15,23,23,-,2010-12-15T22:00:00Z,Wed
MP2.5,Congonhas,2010-12-15,24,27,-,2010-12-15T23:00:00Z,Wed
MP2.5,Congonhas,2010-12-16,1,18,-,2010-12-16T00:00:00Z,Thu
MP2.5,Congonhas,2010-12-16,2,17,-,2010-12-16T01:00:00Z,Thu
MP2.5,Congonhas,2010-12-16,3,17,-,2010-12-16T02:00:00Z,Thu
MP2.5,Congonhas,2010-12-16,4,19,-,2010-12-16T03:00:00Z,Thu
MP2.5,Congonhas,2010-12-16,5,19,-,2010-12-16T04:00:00Z,Thu
MP2.5,Congonhas,2010-12-16,6,22,-,2010-12-16T05:00:00Z,Thu
MP2.5,Congonhas,2010-12-16,7,17,-,2010-12-16T06:00:00Z,Thu
MP2.5,Congonhas,2010-12-16,8,29,-,2010-12-16T07:00:00Z,Thu
MP2.5,Congonhas,2010-12-16,9,23,-,2010-12-16T08:00:00Z,Thu
MP2.5,Congonhas,2010-12-16,10,9,-,2010-12-16T09:00:00Z,Thu
MP2.5,Congonhas,2010-12-16,11,17,-,2010-12-16T10:00:00Z,Thu
MP2.5,Congonhas,2010-12-16,12,16,-,2010-12-16T11:00:00Z,Thu
MP2.5,Congonhas,2010-12-16,13,16,-,2010-12-16T12:00:00Z,Thu
MP2.5,Congonhas,2010-12-16,14,21,-,2010-12-16T13:00:00Z,Thu
MP2.5,Congonhas,2010-12-16,15,17,-,2010-12-16T14:00:00Z,Thu
MP2.5,Congonhas,2010-12-16,16,21,-,2010-12-16T15:00:00Z,Thu
MP2.5,Congonhas,2010-12-16,17,15,-,2010-12-16T16:00:00Z,Thu
MP2.5,Congonhas,2010-12-16,18,20,-,2010-12-16T17:00:00Z,Thu
MP2.5,Congonhas,2010-12-16,19,21,-,2010-12-16T18:00:00Z,Thu
MP2.5,Congonhas,2010-12-16,20,17,-,2010-12-16T19:00:00Z,Thu
MP2.5,Congonhas,2010-12-16,21,10,-,2010-12-16T20:00:00Z,Thu
MP2.5,Congonhas,2010-12-16,22,15,-,2010-12-16T21:00:00Z,Thu
MP2.5,Congonhas,2010-12-16,23,31,-,2010-12-16T22:00:00Z,Thu
MP2.5,Congonhas,2010-12-16,24,22,-,2010-12-16T23:00:00Z,Thu
MP2.5,Congonhas,2010-12-17,1,23,-,2010-12-17T00:00:00Z,Fri
MP2.5,Congonhas,2010-12-17,2,34,-,2010-12-17T01:00:00Z,Fri
MP2.5,Congonhas,2010-12-17,3,27,-,2010-12-17T02:00:00Z,Fri
MP2.5,Congonhas,2010-12-17,4,16,-,2010-12-17T03:00:00Z,Fri
MP2.5,Congonhas,2010-12-17,5,15,-,2010-12-17T04:00:00Z,Fri
MP2.5,Congonhas,2010-12-17,6,16,-,2010-12-17T05:00:00Z,Fri
MP2.5,Congonhas,2010-12-17,7,13,-,2010-12-17T06:00:00Z,Fri
MP2.5,Congonhas,2010-12-17,8,15,-,2010-12-17T07:00:00Z,Fri
MP2.5,Congonhas,2010-12-17,9,18,-,2010-12-17T08:00:00Z,Fri
MP2.5,Congonhas,2010-12-17,10,23,-,2010-12-17T09:00:00Z,Fri
MP2.5,Congonhas,2010-12-17,11,16,-,2010-12-17T10:00:00Z,Fri
MP2.5,Congonhas,2010-12-17,12,20,-,2010-12-17T11:00:00Z,Fri
MP2.5,Congonhas,2010-12-17,13,15,-,2010-12-17T12:00:00Z,Fri
MP2.5,Congonhas,2010-12-17,14,16,-,2010-12-17T13:00:00Z,Fri
MP2.5,Congonhas,2010-12-17,15,14,-,2010-12-17T14:00:00Z,Fri
MP2.5,Congonhas,2010-12-17,16,11,-,2010-12-17T15:00:00Z,Fri
MP2.5,Congonhas,2010-12-17,17,24,-,2010-12-17T16:00:00Z,Fri
MP2.5,Congonhas,2010-12-17,18,29,-,2010-12-17T17:00:00Z,Fri
MP2.5,Congonhas,2010-12-17,19,27,-,2010-12-17T18:00:00Z,Fri
MP2.5,Congonhas,2010-12-17,20,18,-,2010-12-17T19:00:00Z,Fri
MP2.5,Congonhas,2010-12-17,21,10,-,2010-12-17T20:00:00Z,Fri
MP2.5,Congonhas,2010-12-17,22,15,-,2010-12-17T21:00:00Z,Fri
MP2.5,Congonhas,2010-12-17,23,14,-,2010-12-17T22:00:00Z,Fri
MP2.5,Congonhas,2010-12-17,24,6,-,2010-12-17T23:00:00Z,Fri
MP2.5,Congonhas,2010-12-18,1,16,-,2010-12-18T00:00:00Z,Sat
MP2.5,Congonhas,2010-12-18,2,29,-,2010-12-18T01:00:00Z,Sat
MP2.5,Congonhas,2010-12-18,3,20,-,2010-12-18T02:00:00Z,Sat
MP2.5,Congonhas,2010-12-18,4,21,-,2010-12-18T03:00:00Z,Sat
MP2.5,Congonhas,2010-12-18,5,19,-,2010-12-18T04:00:00Z,Sat
MP2.5,Congonhas,2010-12-18,6,13,-,2010-12-18T05:00:00Z,Sat
MP2.5,Congonhas,2010-12-18,7,13,-,2010-12-18T06:00:00Z,Sat
MP2.5,Congonhas,2010-12-18,8,18,-,2010-12-18T07:00:00Z,Sat
MP2.5,Congonhas,2010-12-18,9,14,-,2010-12-18T08:00:00Z,Sat
MP2.5,Congonhas,2010-12-18,10,7,-,2010-12-18T09:00:00Z,Sat
MP2.5,Congonhas,2010-12-18,11,8,-,2010-12-18T10:00:00Z,Sat
MP2.5,Congonhas,2010-12-18,12,13,-,2010-12-18T11:00:00Z,Sat
MP2.5,Congonhas,2010-12-18,13,11,-,2010-12-18T12:00:00Z,Sat
MP2.5,Congonhas,2010-12-18,14,19,-,2010-12-18T13:00:00Z,Sat
MP2.5,Congonhas,2010-12-18,15,15,-,2010-12-18T14:00:00Z,Sat
MP2.5,Congonhas,2010-12-18,16,19,-,2010-12-18T15:00:00Z,Sat
MP2.5,Congonhas,2010-12-18,17,18,-,2010-12-18T16:00:00Z,Sat
MP2.5,Congonhas,2010-12-18,18,20,-,2010-12-18T17:00:00Z,Sat
MP2.5,Congonhas,2010-12-18,19,16,-,2010-12-18T18:00:00Z,Sat
MP2.5,Congonhas,2010-12-18,20,10,-,2010-12-18T19:00:00Z,Sat
MP2.5,Congonhas,2010-12-18,21,17,-,2010-12-18T20:00:00Z,Sat
MP2.5,Congonhas,2010-12-18,22,14,-,2010-12-18T21:00:00Z,Sat
MP2.5,Congonhas,2010-12-18,23,9,-,2010-12-18T22:00:00Z,Sat
MP2.5,Congonhas,2010-12-18,24,17,-,2010-12-18T23:00:00Z,Sat
MP2.5,Congonhas,2010-12-19,1,19,-,2010-12-19T00:00:00Z,Sun
MP2.5,Congonhas,2010-12-19,2,14,-,2010-12-19T01:00:00Z,Sun
MP2.5,Congonhas,2010-12-19,3,20,-,2010-12-19T02:00:00Z,Sun
MP2.5,Congonhas,2010-12-19,4,22,-,2010-12-19T03:00:00Z,Sun
MP2.5,Congonhas,2010-12-19,5,22,-,2010-12-19T04:00:00Z,Sun
MP2.5,Congonhas,2010-12-19,6,14,-,2010-12-19T05:00:00Z,Sun
MP2.5,Congonhas,2010-12-19,7,16,-,2010-12-19T06:00:00Z,Sun
MP2.5,Congonhas,2010-12-19,8,20,-,2010-12-19T07:00:00Z,Sun
MP2.5,Congonhas,2010-12-19,9,18,-,2010-12-19T08:00:00Z,Sun
MP2.5,Congonhas,2010-12-19,10,14,-,2010-12-19T09:00:00Z,Sun
MP2.5,Congonhas,2010-12-19,11,10,-,2010-12-19T10:00:00Z,Sun
MP2.5,Congonhas,2010-12-19,12,12,-,2010-12-19T11:00:00Z,Sun
MP2.5,Congonhas,2010-12-19,13,15,-,2010-12-19T12:00:00Z,Sun
MP2.5,Congonhas,2010-12-19,14,19,-,2010-12-19T13:00:00Z,Sun
MP2.5,Congonhas,2010-12-19,15,22,-,2010-12-19T14:00:00Z,Sun
MP2.5,Congonhas,2010-12-19,16,30,-,2010-12-19T15:00:00Z,Sun
MP2.5,Congonhas,2010-12-19,17,26,-,2010-12-19T16:00:00Z,Sun
MP2.5,Congonhas,2010-12-19,18,24,-,2010-12-19T17:00:00Z,Sun
MP2.5,Congonhas,2010-12-19,19,31,-,2010-12-19T18:00:00Z,Sun
MP2.5,Congonhas,2010-12-19,20,41,-,2010-12-19T19:00:00Z,Sun
MP2.5,Congonhas,2010-12-19,21,36,-,2010-12-19T20:00:00Z,Sun
MP2.5,Congonhas,2010-12-19,22,33,-,2010-12-19T21:00:00Z,Sun
MP2.5,Congonhas,2010-12-19,23,32,-,2010-12-19T22:00:00Z,Sun
MP2.5,Congonhas,2010-12-19,24,38,-,2010-12-19T23:00:00Z,Sun
MP2.5,Congonhas,2010-12-20,1,43,-,2010-12-20T00:00:00Z,Mon
MP2.5,Congonhas,2010-12-20,2,38,-,2010-12-20T01:00:00Z,Mon
MP2.5,Congonhas,2010-12-20,3,31,-,2010-12-20T02:00:00Z,Mon
MP2.5,Congonhas,2010-12-20,4,15,-,2010-12-20T03:00:00Z,Mon
MP2.5,Congonhas,2010-12-20,5,14,-,2010-12-20T04:00:00Z,Mon
MP2.5,Congonhas,2010-12-20,6,18,-,2010-12-20T05:00:00Z,Mon
MP2.5,Congonhas,2010-12-20,7,15,-,2010-12-20T06:00:00Z,Mon
MP2.5,Congonhas,2010-12-20,8,27,-,2010-12-20T07:00:00Z,Mon
MP2.5,Congonhas,2010-12-20,9,21,-,2010-12-20T08:00:00Z,Mon
MP2.5,Congonhas,2010-12-20,10,28,-,2010-12-20T09:00:00Z,Mon
MP2.5,Congonhas,2010-12-20,11,22,-,2010-12-20T10:00:00Z,Mon
MP2.5,Congonhas,2010-12-20,12,17,-,2010-12-20T11:00:00Z,Mon
MP2.5,Congonhas,2010-12-20,13,17,-,2010-12-20T12:00:00Z,Mon
MP2.5,Congonhas,2010-12-20,14,19,-,2010-12-20T13:00:00Z,Mon
MP2.5,Congonhas,2010-12-20,15,24,-,2010-12-20T14:00:00Z,Mon
MP2.5,Congonhas,2010-12-20,16,29,-,2010-12-20T15:00:00Z,Mon
MP2.5,Congonhas,2010-12-20,17,48,-,2010-12-20T16:00:00Z,Mon
MP2.5,Congonhas,2010-12-20,18,35,-,2010-12-20T17:00:00Z,Mon
MP2.5,Congonhas,2010-12-20,19,42,-,2010-12-20T18:00:00Z,Mon
MP2.5,Congonhas,2010-12-20,20,50,-,2010-12-20T19:00:00Z,Mon
MP2.5,Congonhas,2010-12-20,21,46,-,2010-12-20T20:00:00Z,Mon
MP2.5,Congonhas,2010-12-20,22,14,-,2010-12-20T21:00:00Z,Mon
MP2.5,Congonhas,2010-12-20,23,33,-,2010-12-20T22:00:00Z,Mon
MP2.5,Congonhas,2010-12-20,24,27,-,2010-12-20T23:00:00Z,Mon
MP2.5,Congonhas,2010-12-21,1,36,-,2010-12-21T00:00:00Z,Tue
MP2.5,Congonhas,2010-12-21,2,47,-,2010-12-21T01:00:00Z,Tue
MP2.5,Congonhas,2010-12-21,3,36,-,2010-12-21T02:00:00Z,Tue
MP2.5,Congonhas,2010-12-21,4,32,-,2010-12-21T03:00:00Z,Tue
MP2.5,Congonhas,2010-12-21,5,40,-,2010-12-21T04:00:00Z,Tue
MP2.5,Congonhas,2010-12-21,6,41,-,2010-12-21T05:00:00Z,Tue
MP2.5,Congonhas,2010-12-21,7,43,-,2010-12-21T06:00:00Z,Tue
MP2.5,Congonhas,2010-12-21,8,55,-,2010-12-21T07:00:00Z,Tue
MP2.5,Congonhas,2010-12-21,9,57,-,2010-12-21T08:00:00Z,Tue
MP2.5,Congonhas,2010-12-21,10,44,-,2010-12-21T09:00:00Z,Tue
MP2.5,Congonhas,2010-12-21,11,41,-,2010-12-21T10:00:00Z,Tue
MP2.5,Congonhas,2010-12-21,12,28,-,2010-12-21T11:00:00Z,Tue
MP2.5,Congonhas,2010-12-21,13,20,-,2010-12-21T12:00:00Z,Tue
MP2.5,Congonhas,2010-12-21,14,25,-,2010-12-21T13:00:00Z,Tue
MP2.5,Congonhas,2010-12-21,15,46,-,2010-12-21T14:00:00Z,Tue
MP2.5,Congonhas,2010-12-21,16,28,-,2010-12-21T15:00:00Z,Tue
MP2.5,Congonhas,2010-12-21,17,20,-,2010-12-21T16:00:00Z,Tue
MP2.5,Congonhas,2010-12-21,18,16,-,2010-12-21T17:00:00Z,Tue
MP2.5,Congonhas,2010-12-21,19,27,-,2010-12-21T18:00:00Z,Tue
MP2.5,Congonhas,2010-12-21,20,28,-,2010-12-21T19:00:00Z,Tue
MP2.5,Congonhas,2010-12-21,21,17,-,2010-12-21T20:00:00Z,Tue
MP2.5,Congonhas,2010-12-21,22,24,-,2010-12-21T21:00:00Z,Tue
MP2.5,Congonhas,2010-12-21,23,21,-,2010-12-21T22:00:00Z,Tue
MP2.5,Congonhas,2010-12-21,24,34,-,2010-12-21T23:00:00Z,Tue
MP2.5,Congonhas,2010-12-22,1,26,-,2010-12-22T00:00:00Z,Wed
MP2.5,Congonhas,2010-12-22,2,29,-,2010-12-22T01:00:00Z,Wed
MP2.5,Congonhas,2010-12-22,3,17,-,2010-12-22T02:00:00Z,Wed
MP2.5,Congonhas,2010-12-22,4,10,-,2010-12-22T03:00:00Z,Wed
MP2.5,Congonhas,2010-12-22,5,20,-,2010-12-22T04:00:00Z,Wed
MP2.5,Congonhas,2010-12-22,6,36,-,2010-12-22T05:00:00Z,Wed
MP2.5,Congonhas,2010-12-22,7,18,-,2010-12-22T06:00:00Z,Wed
MP2.5,Congonhas,2010-12-22,8,22,-,2010-12-22T07:00:00Z,Wed
MP2.5,Congonhas,2010-12-22,9,17,-,2010-12-22T08:00:00Z,Wed
MP2.5,Congonhas,2010-12-22,10,21,-,2010-12-22T09:00:00Z,Wed
MP2.5,Congonhas,2010-12-22,11,22,-,2010-12-22T10:00:00Z,Wed
MP2.5,Congonhas,2010-12-22,12,20,-,2010-12-22T11:00:00Z,Wed
MP2.5,Congonhas,2010-12-22,13,23,-,2010-12-22T12:00:00Z,Wed
MP2.5,Congonhas,2010-12-22,14,29,-,2010-12-22T13:00:00Z,Wed
MP2.5,Congonhas,2010-12-22,15,25,-,2010-12-22T14:00:00Z,Wed
MP2.5,Congonhas,2010-12-22,16,25,-,2010-12-22T15:00:00Z,Wed
MP2.5,Congonhas,2010-12-22,17,15,-,2010-12-22T16:00:00Z,Wed
MP2.5,Congonhas,2010-12-22,18,24,-,2010-12-22T17:00:00Z,Wed
MP2.5,Congonhas,2010-12-22,19,34,-,2010-12-22T18:00:00Z,Wed
MP2.5,Congonhas,2010-12-22,20,25,-,2010-12-22T19:00:00Z,Wed
MP2.5,Congonhas,2010-12-22,21,21,-,2010-12-22T20:00:00Z,Wed
MP2.5,Congonhas,2010-12-22,22,32,-,2010-12-22T21:00:00Z,Wed
MP2.5,Congonhas,2010-12-22,23,36,-,2010-12-22T22:00:00Z,Wed
MP2.5,Congonhas,2010-12-22,24,22,-,2010-12-22T23:00:00Z,Wed
MP2.5,Congonhas,2010-12-23,1,22,-,2010-12-23T00:00:00Z,Thu
MP2.5,Congonhas,2010-12-23,2,23,-,2010-12-23T01:00:00Z,Thu
MP2.5,Congonhas,2010-12-23,3,11,-,2010-12-23T02:00:00Z,Thu
MP2.5,Congonhas,2010-12-23,4,5,-,2010-12-23T03:00:00Z,Thu
MP2.5,Congonhas,2010-12-23,5,6,-,2010-12-23T04:00:00Z,Thu
MP2.5,Congonhas,2010-12-23,6,6,-,2010-12-23T05:00:00Z,Thu
MP2.5,Congonhas,2010-12-23,7,19,-,2010-12-23T06:00:00Z,Thu
MP2.5,Congonhas,2010-12-23,8,7,-,2010-12-23T07:00:00Z,Thu
MP2.5,Congonhas,2010-12-23,9,18,-,2010-12-23T08:00:00Z,Thu
MP2.5,Congonhas,2010-12-23,10,10,-,2010-12-23T09:00:00Z,Thu
MP2.5,Congonhas,2010-12-23,11,12,-,2010-12-23T10:00:00Z,Thu
MP2.5,Congonhas,2010-12-23,12,16,-,2010-12-23T11:00:00Z,Thu
MP2.5,Congonhas,2010-12-23,13,19,-,2010-12-23T12:00:00Z,Thu
MP2.5,Congonhas,2010-12-23,14,21,-,2010-12-23T13:00:00Z,Thu
MP2.5,Congonhas,2010-12-23,15,32,-,2010-12-23T14:00:00Z,Thu
MP2.5,Congonhas,2010-12-23,16,17,-,2010-12-23T15:00:00Z,Thu
MP2.5,Congonhas,2010-12-23,17,29,-,2010-12-23T16:00:00Z,Thu
MP2.5,Congonhas,2010-12-23,18,31,-,2010-12-23T17:00:00Z,Thu
MP2.5,Congonhas,2010-12-23,19,22,-,2010-12-23T18:00:00Z,Thu
MP2.5,Congonhas,2010-12-23,20,22,-,2010-12-23T19:00:00Z,Thu
MP2.5,Congonhas,2010-12-23,21,27,-,2010-12-23T20:00:00Z,Thu
MP2.5,Congonhas,2010-12-23,22,20,-,2010-12-23T21:00:00Z,Thu
MP2.5,Congonhas,2010-12-23,23,22,-,2010-12-23T22:00:00Z,Thu
MP2.5,Congonhas,2010-12-23,24,18,-,2010-12-23T23:00:00Z,Thu
MP2.5,Congonhas,2010-12-24,1,27,-,2010-12-24T00:00:00Z,Fri
MP2.5,Congonhas,2010-12-24,2,34,-,2010-12-24T01:00:00Z,Fri
MP2.5,Congonhas,2010-12-24,3,25,-,2010-12-24T02:00:00Z,Fri
MP2.5,Congonhas,2010-12-24,4,32,-,2010-12-24T03:00:00Z,Fri
MP2.5,Congonhas,2010-12-24,5,31,-,2010-12-24T04:00:00Z,Fri
MP2.5,Congonhas,2010-12-24,6,28,-,2010-12-24T05:00:00Z,Fri
MP2.5,Congonhas,2010-12-24,7,28,-,2010-12-24T06:00:00Z,Fri
MP2.5,Congonhas,2010-12-24,8,30,-,2010-12-24T07:00:00Z,Fri
MP2.5,Congonhas,2010-12-24,9,24,-,2010-12-24T08:00:00Z,Fri
MP2.5,Congonhas,2010-12-24,10,16,-,2010-12-24T09:00:00Z,Fri
MP2.5,Congonhas,2010-12-24,11,21,-,2010-12-24T10:00:00Z,Fri
MP2.5,Congonhas,2010-12-24,12,9,-,2010-12-24T11:00:00Z,Fri
MP2.5,Congonhas,2010-12-24,13,13,-,2010-12-24T12:00:00Z,Fri
MP2.5,Congonhas,2010-12-24,14,17,-,2010-12-24T13:00:00Z,Fri
MP2.5,Congonhas,2010-12-24,15,17,-,2010-12-24T14:00:00Z,Fri
MP2.5,Congonhas,2010-12-24,16,19,-,2010-12-24T15:00:00Z,Fri
MP2.5,Congonhas,2010-12-24,17,21,-,2010-12-24T16:00:00Z,Fri
MP2.5,Congonhas,2010-12-24,18,17,-,2010-12-24T17:00:00Z,Fri
MP2.5,Congonhas,2010-12-24,19,27,-,2010-12-24T18:00:00Z,Fri
MP2.5,Congonhas,2010-12-24,20,19,-,2010-12-24T19:00:00Z,Fri
MP2.5,Congonhas,2010-12-24,21,14,-,2010-12-24T20:00:00Z,Fri
MP2.5,Congonhas,2010-12-24,22,13,-,2010-12-24T21:00:00Z,Fri
MP2.5,Congonhas,2010-12-24,23,19,-,2010-12-24T22:00:00Z,Fri
MP2.5,Congonhas,2010-12-24,24,12,-,2010-12-24T23:00:00Z,Fri
MP2.5,Congonhas,2010-12-25,1,15,-,2010-12-25T00:00:00Z,Sat
MP2.5,Congonhas,2010-12-25,2,37,-,2010-12-25T01:00:00Z,Sat
MP2.5,Congonhas,2010-12-25,3,39,-,2010-12-25T02:00:00Z,Sat
MP2.5,Congonhas,2010-12-25,4,29,-,2010-12-25T03:00:00Z,Sat
MP2.5,Congonhas,2010-12-25,5,16,-,2010-12-25T04:00:00Z,Sat
MP2.5,Congonhas,2010-12-25,6,20,-,2010-12-25T05:00:00Z,Sat
MP2.5,Congonhas,2010-12-25,7,16,-,2010-12-25T06:00:00Z,Sat
MP2.5,Congonhas,2010-12-25,8,12,-,2010-12-25T07:00:00Z,Sat
MP2.5,Congonhas,2010-12-25,9,20,-,2010-12-25T08:00:00Z,Sat
MP2.5,Congonhas,2010-12-25,10,2,-,2010-12-25T09:00:00Z,Sat
MP2.5,Congonhas,2010-12-25,11,2,-,2010-12-25T10:00:00Z,Sat
MP2.5,Congonhas,2010-12-25,12,8,-,2010-12-25T11:00:00Z,Sat
MP2.5,Congonhas,2010-12-25,13,7,-,2010-12-25T12:00:00Z,Sat
MP2.5,Congonhas,2010-12-25,14,13,-,2010-12-25T13:00:00Z,Sat
MP2.5,Congonhas,2010-12-25,15,6,-,2010-12-25T14:00:00Z,Sat
MP2.5,Congonhas,2010-12-25,16,18,-,2010-12-25T15:00:00Z,Sat
MP2.5,Congonhas,2010-12-25,17,16,-,2010-12-25T16:00:00Z,Sat
MP2.5,Congonhas,2010-12-25,18,16,-,2010-12-25T17:00:00Z,Sat
MP2.5,Congonhas,2010-12-25,19,19,-,2010-12-25T18:00:00Z,Sat
MP2.5,Congonhas,2010-12-25,20,17,-,2010-12-25T19:00:00Z,Sat
MP2.5,Congonhas,2010-12-25,21,19,-,2010-12-25T20:00:00Z,Sat
MP2.5,Congonhas,2010-12-25,22,13,-,2010-12-25T21:00:00Z,Sat
MP2.5,Congonhas,2010-12-25,23,23,-,2010-12-25T22:00:00Z,Sat
MP2.5,Congonhas,2010-12-25,24,23,-,2010-12-25T23:00:00Z,Sat
MP2.5,Congonhas,2010-12-26,1,40,-,2010-12-26T00:00:00Z,Sun
MP2.5,Congonhas,2010-12-26,2,37,-,2010-12-26T01:00:00Z,Sun
MP2.5,Congonhas,2010-12-26,3,28,-,2010-12-26T02:00:00Z,Sun
MP2.5,Congonhas,2010-12-26,4,40,-,2010-12-26T03:00:00Z,Sun
MP2.5,Congonhas,2010-12-26,5,42,-,2010-12-26T04:00:00Z,Sun
MP2.5,Congonhas,2010-12-26,6,38,-,2010-12-26T05:00:00Z,Sun
MP2.5,Congonhas,2010-12-26,7,35,-,2010-12-26T06:00:00Z,Sun
MP2.5,Congonhas,2010-12-26,8,27,-,2010-12-26T07:00:00Z,Sun
MP2.5,Congonhas,2010-12-26,9,22,-,2010-12-26T08:00:00Z,Sun
MP2.5,Congonhas,2010-12-26,10,15,-,2010-12-26T09:00:00Z,Sun
MP2.5,Congonhas,2010-12-26,11,7,-,2010-12-26T10:00:00Z,Sun
MP2.5,Congonhas,2010-12-26,12,13,-,2010-12-26T11:00:00Z,Sun
MP2.5,Congonhas,2010-12-26,13,6,-,2010-12-26T12:00:00Z,Sun
MP2.5,Congonhas,2010-12-26,14,17,-,2010-12-26T13:00:00Z,Sun
MP2.5,Congonhas,2010-12-26,15,21,-,2010-12-26T14:00:00Z,Sun
MP2.5,Congonhas,2010-12-26,16,12,-,2010-12-26T15:00:00Z,Sun
MP2.5,Congonhas,2010-12-26,17,10,-,2010-12-26T16:00:00Z,Sun
MP2.5,Congonhas,2010-12-26,18,8,-,2010-12-26T17:00:00Z,Sun
MP2.5,Congonhas,2010-12-26,19,12,-,2010-12-26T18:00:00Z,Sun
MP2.5,Congonhas,2010-12-26,20,8,-,2010-12-26T19:00:00Z,Sun
MP2.5,Congonhas,2010-12-26,21,7,-,2010-12-26T20:00:00Z,Sun
MP2.5,Congonhas,2010-12-26,22,7,-,2010-12-26T21:00:00Z,Sun
MP2.5,Congonhas,2010-12-26,23,9,-,2010-12-26T22:00:00Z,Sun
MP2.5,Congonhas,2010-12-26,24,11,-,2010-12-26T23:00:00Z,Sun
MP2.5,Congonhas,2010-12-27,1,14,-,2010-12-27T00:00:00Z,Mon
MP2.5,Congonhas,2010-12-27,2,16,-,2010-12-27T01:00:00Z,Mon
MP2.5,Congonhas,2010-12-27,3,21,-,2010-12-27T02:00:00Z,Mon
MP2.5,Congonhas,2010-12-27,4,12,-,2010-12-27T03:00:00Z,Mon
MP2.5,Congonhas,2010-12-27,5,17,-,2010-12-27T04:00:00Z,Mon
MP2.5,Congonhas,2010-12-27,6,22,-,2010-12-27T05:00:00Z,Mon
MP2.5,Congonhas,2010-12-27,7,14,-,2010-12-27T06:00:00Z,Mon
MP2.5,Congonhas,2010-12-27,8,17,-,2010-12-27T07:00:00Z,Mon
MP2.5,Congonhas,2010-12-27,9,13,-,2010-12-27T08:00:00Z,Mon
MP2.5,Congonhas,2010-12-27,10,16,-,2010-12-27T09:00:00Z,Mon
MP2.5,Congonhas,2010-12-27,11,5,-,2010-12-27T10:00:00Z,Mon
MP2.5,Congonhas,2010-12-27,12,7,-,2010-12-27T11:00:00Z,Mon
MP2.5,Congonhas,2010-12-27,13,8,-,2010-12-27T12:00:00Z,Mon
MP2.5,Congonhas,2010-12-27,14,14,-,2010-12-27T13:00:00Z,Mon
MP2.5,Congonhas,2010-12-27,15,5,-,2010-12-27T14:00:00Z,Mon
MP2.5,Congonhas,2010-12-27,16,12,-,2010-12-27T15:00:00Z,Mon
MP2.5,Congonhas,2010-12-27,17,11,-,2010-12-27T16:00:00Z,Mon
MP2.5,Congonhas,2010-12-27,18,6,-,2010-12-27T17:00:00Z,Mon
MP2.5,Congonhas,2010-12-27,19,11,-,2010-12-27T18:00:00Z,Mon
MP2.5,Congonhas,2010-12-27,20,10,-,2010-12-27T19:00:00Z,Mon
MP2.5,Congonhas,2010-12-27,21,7,-,2010-12-27T20:00:00Z,Mon
MP2.5,Congonhas,2010-12-27,22,8,-,2010-12-27T21:00:00Z,Mon
MP2.5,Congonhas,2010-12-27,23,10,-,2010-12-27T22:00:00Z,Mon
MP2.5,Congonhas,2010-12-27,24,14,-,2010-12-27T23:00:00Z,Mon
MP2.5,Congonhas,2010-12-28,1,19,-,2010-12-28T00:00:00Z,Tue
MP2.5,Congonhas,2010-12-28,2,15,-,2010-12-28T01:00:00Z,Tue
MP2.5,Congonhas,2010-12-28,3,16,-,2010-12-28T02:00:00Z,Tue
MP2.5,Congonhas,2010-12-28,4,13,-,2010-12-28T03:00:00Z,Tue
MP2.5,Congonhas,2010-12-28,5,26,-,2010-12-28T04:00:00Z,Tue
MP2.5,Congonhas,2010-12-28,6,23,-,2010-12-28T05:00:00Z,Tue
MP2.5,Congonhas,2010-12-28,7,10,-,2010-12-28T06:00:00Z,Tue
MP2.5,Congonhas,2010-12-28,8,14,-,2010-12-28T07:00:00Z,Tue
MP2.5,Congonhas,2010-12-28,9,15,-,2010-12-28T08:00:00Z,Tue
MP2.5,Congonhas,2010-12-28,10,6,-,2010-12-28T09:00:00Z,Tue
MP2.5,Congonhas,2010-12-28,11,3,-,2010-12-28T10:00:00Z,Tue
MP2.5,Congonhas,2010-12-28,12,11,-,2010-12-28T11:00:00Z,Tue
MP2.5,Congonhas,2010-12-28,13,13,-,2010-12-28T12:00:00Z,Tue
MP2.5,Congonhas,2010-12-28,14,8,-,2010-12-28T13:00:00Z,Tue
MP2.5,Congonhas,2010-12-28,15,15,-,2010-12-28T14:00:00Z,Tue
MP2.5,Congonhas,2010-12-28,16,15,-,2010-12-28T15:00:00Z,Tue
MP2.5,Congonhas,2010-12-28,17,7,-,2010-12-28T16:00:00Z,Tue
MP2.5,Congonhas,2010-12-28,18,13,-,2010-12-28T17:00:00Z,Tue
MP2.5,Congonhas,2010-12-28,19,20,-,2010-12-28T18:00:00Z,Tue
MP2.5,Congonhas,2010-12-28,20,12,-,2010-12-28T19:00:00Z,Tue
MP2.5,Congonhas,2010-12-28,21,7,-,2010-12-28T20:00:00Z,Tue
MP2.5,Congonhas,2010-12-28,22,10,-,2010-12-28T21:00:00Z,Tue
MP2.5,Congonhas,2010-12-28,23,19,-,2010-12-28T22:00:00Z,Tue
MP2.5,Congonhas,2010-12-28,24,13,-,2010-12-28T23:00:00Z,Tue
MP2.5,Congonhas,2010-12-29,1,15,-,2010-12-29T00:00:00Z,Wed
MP2.5,Congonhas,2010-12-29,2,21,-,2010-12-29T01:00:00Z,Wed
MP2.5,Congonhas,2010-12-29,3,19,-,2010-12-29T02:00:00Z,Wed
MP2.5,Congonhas,2010-12-29,4,12,-,2010-12-29T03:00:00Z,Wed
MP2.5,Congonhas,2010-12-29,5,17,-,2010-12-29T04:00:00Z,Wed
MP2.5,Congonhas,2010-12-29,6,21,-,2010-12-29T05:00:00Z,Wed
MP2.5,Congonhas,2010-12-29,7,13,-,2010-12-29T06:00:00Z,Wed
MP2.5,Congonhas,2010-12-29,8,15,-,2010-12-29T07:00:00Z,Wed
MP2.5,Congonhas,2010-12-29,9,7,-,2010-12-29T08:00:00Z,Wed
MP2.5,Congonhas,2010-12-29,10,9,-,2010-12-29T09:00:00Z,Wed
MP2.5,Congonhas,2010-12-29,11,6,-,2010-12-29T10:00:00Z,Wed
MP2.5,Congonhas,2010-12-29,12,15,-,2010-12-29T11:00:00Z,Wed
MP2.5,Congonhas,2010-12-29,13,12,-,2010-12-29T12:00:00Z,Wed
MP2.5,Congonhas,2010-12-29,14,23,-,2010-12-29T13:00:00Z,Wed
MP2.5,Congonhas,2010-12-29,15,20,-,2010-12-29T14:00:00Z,Wed
MP2.5,Congonhas,2010-12-29,16,26,-,2010-12-29T15:00:00Z,Wed
MP2.5,Congonhas,2010-12-29,17,18,-,2010-12-29T16:00:00Z,Wed
MP2.5,Congonhas,2010-12-29,18,12,-,2010-12-29T17:00:00Z,Wed
MP2.5,Congonhas,2010-12-29,19,20,-,2010-12-29T18:00:00Z,Wed
MP2.5,Congonhas,2010-12-29,20,10,-,2010-12-29T19:00:00Z,Wed
MP2.5,Congonhas,2010-12-29,21,4,-,2010-12-29T20:00:00Z,Wed
MP2.5,Congonhas,2010-12-29,22,10,-,2010-12-29T21:00:00Z,Wed
MP2.5,Congonhas,2010-12-29,23,10,-,2010-12-29T22:00:00Z,Wed
MP2.5,Congonhas,2010-12-29,24,16,-,2010-12-29T23:00:00Z,Wed
MP2.5,Congonhas,2010-12-30,1,13,-,2010-12-30T00:00:00Z,Thu
MP2.5,Congonhas,2010-12-30,2,14,-,2010-12-30T01:00:00Z,Thu
MP2.5,Congonhas,2010-12-30,3,14,-,2010-12-30T02:00:00Z,Thu
MP2.5,Congonhas,2010-12-30,4,16,-,2010-12-30T03:00:00Z,Thu
MP2.5,Congonhas,2010-12-30,5,20,-,2010-12-30T04:00:00Z,Thu
MP2.5,Congonhas,2010-12-30,6,22,-,2010-12-30T05:00:00Z,Thu
MP2.5,Congonhas,2010-12-30,7,11,-,2010-12-30T06:00:00Z,Thu
MP2.5,Congonhas,2010-12-30,8,11,-,2010-12-30T07:00:00Z,Thu
MP2.5,Congonhas,2010-12-30,9,15,-,2010-12-30T08:00:00Z,Thu
MP2.5,Congonhas,2010-12-30,10,8,-,2010-12-30T09:00:00Z,Thu
MP2.5,Congonhas,2010-12-30,11,10,-,2010-12-30T10:00:00Z,Thu
MP2.5,Congonhas,2010-12-30,12,9,-,2010-12-30T11:00:00Z,Thu
MP2.5,Congonhas,2010-12-30,13,14,-,2010-12-30T12:00:00Z,Thu
MP2.5,Congonhas,2010-12-30,14,12,-,2010-12-30T13:00:00Z,Thu
MP2.5,Congonhas,2010-12-30,15,6,-,2010-12-30T14:00:00Z,Thu
MP2.5,Congonhas,2010-12-30,16,9,-,2010-12-30T15:00:00Z,Thu
MP2.5,Congonhas,2010-12-30,17,6,-,2010-12-30T16:00:00Z,Thu
MP2.5,Congonhas,2010-12-30,18,9,-,2010-12-30T17:00:00Z,Thu
MP2.5,Congonhas,2010-12-30,19,9,-,2010-12-30T18:00:00Z,Thu
MP2.5,Congonhas,2010-12-30,20,12,-,2010-12-30T19:00:00Z,Thu
MP2.5,Congonhas,2010-12-30,21,8,-,2010-12-30T20:00:00Z,Thu
MP2.5,Congonhas,2010-12-30,22,9,-,2010-12-30T21:00:00Z,Thu
MP2.5,Congonhas,2010-12-30,23,6,-,2010-12-30T22:00:00Z,Thu
MP2.5,Congonhas,2010-12-30,24,7,-,2010-12-30T23:00:00Z,Thu
MP2.5,Congonhas,2010-12-31,1,11,-,2010-12-31T00:00:00Z,Fri
MP2.5,Congonhas,2010-12-31,2,8,-,2010-12-31T01:00:00Z,Fri
MP2.5,Congonhas,2010-12-31,3,14,-,2010-12-31T02:00:00Z,Fri
MP2.5,Congonhas,2010-12-31,4,10,-,2010-12-31T03:00:00Z,Fri
MP2.5,Congonhas,2010-12-31,5,21,-,2010-12-31T04:00:00Z,Fri
MP2.5,Congonhas,2010-12-31,6,16,-,2010-12-31T05:00:00Z,Fri
MP2.5,Congonhas,2010-12-31,7,8,-,2010-12-31T06:00:00Z,Fri
MP2.5,Congonhas,2010-12-31,8,11,-,2010-12-31T07:00:00Z,Fri
MP2.5,Congonhas,2010-12-31,9,7,-,2010-12-31T08:00:00Z,Fri
MP2.5,Congonhas,2010-12-31,10,1,-,2010-12-31T09:00:00Z,Fri
MP2.5,Congonhas,2010-12-31,11,6,-,2010-12-31T10:00:00Z,Fri
MP2.5,Congonhas,2010-12-31,12,10,-,2010-12-31T11:00:00Z,Fri
MP2.5,Congonhas,2010-12-31,13,25,-,2010-12-31T12:00:00Z,Fri
MP2.5,Congonhas,2010-12-31,14,22,-,2010-12-31T13:00:00Z,Fri
MP2.5,Congonhas,2010-12-31,15,15,-,2010-12-31T14:00:00Z,Fri
MP2.5,Congonhas,2010-12-31,16,22,-,2010-12-31T15:00:00Z,Fri
MP2.5,Congonhas,2010-12-31,17,19,-,2010-12-31T16:00:00Z,Fri
MP2.5,Congonhas,2010-12-31,18,13,-,2010-12-31T17:00:00Z,Fri
MP2.5,Congonhas,2010-12-31,19,23,-,2010-12-31T18:00:00Z,Fri
MP2.5,Congonhas,2010-12-31,20,17,-,2010-12-31T19:00:00Z,Fri
MP2.5,Congonhas,2010-12-31,21,9,-,2010-12-31T20:00:00Z,Fri
MP2.5,Congonhas,2010-12-31,22,16,-,2010-12-31T21:00:00Z,Fri
MP2.5,Congonhas,2010-12-31,23,15,-,2010-12-31T22:00:00Z,Fri
MP2.5,Congonhas,2010-12-31,24,19,-,2010-12-31T23:00:00Z,Fri
